{"type": "metrics", "dataset": "train", "precision": 0.9976768743400212, "balanced_accuracy": 0.9995552595096593, "recall": 0.9997883597883598, "f1_score": 0.9987315010570824}
{"type": "metrics", "dataset": "test", "precision": 0.6528268551236749, "balanced_accuracy": 0.6660797849558397, "recall": 0.3877229800629591, "f1_score": 0.48650427913100724}
{"type": "cm_matrix", "dataset": "train", "true_0": {"predicted_0": 16217, "predicted_1": 11}, "true_1": {"predicted_0": 1, "predicted_1": 4724}}
{"type": "cm_matrix", "dataset": "test", "true_0": {"predicted_0": 6680, "predicted_1": 393}, "true_1": {"predicted_0": 1167, "predicted_1": 739}}